<?xml version="1.0" encoding="utf-8"?><feed xmlns="http://www.w3.org/2005/Atom" ><generator uri="https://jekyllrb.com/" version="3.10.0">Jekyll</generator><link href="http://localhost:4000/feed.xml" rel="self" type="application/atom+xml" /><link href="http://localhost:4000/" rel="alternate" type="text/html" /><updated>2025-01-05T00:35:44+08:00</updated><id>http://localhost:4000/feed.xml</id><title type="html">Aston’s website</title><subtitle>Simple Jekyll theme for your blog by Taylan Tatlı</subtitle><entry><title type="html">Testing Readability with a Bunch of Text</title><link href="http://localhost:4000/readability-post/" rel="alternate" type="text/html" title="Testing Readability with a Bunch of Text" /><published>2022-11-22T00:00:00+08:00</published><updated>2022-11-22T00:00:00+08:00</updated><id>http://localhost:4000/readability-post</id><content type="html" xml:base="http://localhost:4000/readability-post/"><![CDATA[<p>Portland in shoreditch Vice, labore typewriter pariatur hoodie fap sartorial Austin. Pinterest literally occupy Schlitz forage. Odio ad blue bottle vinyl, 90’s narwhal commodo bitters pour-over nostrud. Ugh est hashtag in, fingerstache adipisicing laboris esse Pinterest shabby chic Portland. Shoreditch bicycle rights anim, flexitarian laboris put a bird on it vinyl cupidatat narwhal. Hashtag artisan skateboard, flannel Bushwick nesciunt salvia aute fixie do plaid post-ironic dolor McSweeney’s. Cliche pour-over chambray nulla four loko skateboard sapiente hashtag.</p>

<p>Vero laborum commodo occupy. Semiotics voluptate mumblecore pug. Cosby sweater ullamco quinoa ennui assumenda, sapiente occupy delectus lo-fi. Ea fashion axe Marfa cillum aliquip. Retro Bushwick keytar cliche. Before they sold out sustainable gastropub Marfa readymade, ethical Williamsburg skateboard brunch qui consectetur gentrify semiotics. Mustache cillum irony, fingerstache magna pour-over keffiyeh tousled selfies.</p>

<h2 id="cupidatat-90s-lo-fi-authentic-try-hard">Cupidatat 90’s lo-fi authentic try-hard</h2>

<p>In pug Portland incididunt mlkshk put a bird on it vinyl quinoa. Terry Richardson shabby chic +1, scenester Tonx excepteur tempor fugiat voluptate fingerstache aliquip nisi next level. Farm-to-table hashtag Truffaut, Odd Future ex meggings gentrify single-origin coffee try-hard 90’s.</p>

<ul>
  <li>Sartorial hoodie</li>
  <li>Labore viral forage</li>
  <li>Tote bag selvage</li>
  <li>DIY exercitation et id ugh tumblr church-key</li>
</ul>

<p>Incididunt umami sriracha, ethical fugiat VHS ex assumenda yr irure direct trade. Marfa Truffaut bicycle rights, kitsch placeat Etsy kogi asymmetrical. Beard locavore flexitarian, kitsch photo booth hoodie plaid ethical readymade leggings yr.</p>

<p>Aesthetic odio dolore, meggings disrupt qui readymade stumptown brunch Terry Richardson pour-over gluten-free. Banksy american apparel in selfies, biodiesel flexitarian organic meh wolf quinoa gentrify banjo kogi. Readymade tofu ex, scenester dolor umami fingerstache occaecat fashion axe Carles jean shorts minim. Keffiyeh fashion axe nisi Godard mlkshk dolore. Lomo you probably haven’t heard of them eu non, Odd Future Truffaut pug keytar meggings McSweeney’s Pinterest cred. Etsy literally aute esse, eu bicycle rights qui meggings fanny pack. Gentrify leggings pug flannel duis.</p>

<h2 id="forage-occaecat-cardigan-qui">Forage occaecat cardigan qui</h2>

<p>Fashion axe hella gastropub lo-fi kogi 90’s aliquip +1 veniam delectus tousled. Cred sriracha locavore gastropub kale chips, iPhone mollit sartorial. Anim dolore 8-bit, pork belly dolor photo booth aute flannel small batch. Dolor disrupt ennui, tattooed whatever salvia Banksy sartorial roof party selfies raw denim sint meh pour-over. Ennui eu cardigan sint, gentrify iPhone cornhole.</p>

<blockquote>
  <p>Whatever velit occaecat quis deserunt gastropub, leggings elit tousled roof party 3 wolf moon kogi pug blue bottle ea. Fashion axe shabby chic Austin quinoa pickled laborum bitters next level, disrupt deep v accusamus non fingerstache.</p>
</blockquote>

<p>Tote bag asymmetrical elit sunt. Occaecat authentic Marfa, hella McSweeney’s next level irure veniam master cleanse. Sed hoodie letterpress artisan wolf leggings, 3 wolf moon commodo ullamco. Anim occupy ea labore Terry Richardson. Tofu ex master cleanse in whatever pitchfork banh mi, occupy fugiat fanny pack Austin authentic. Magna fugiat 3 wolf moon, labore McSweeney’s sustainable vero consectetur. Gluten-free disrupt enim, aesthetic fugiat jean shorts trust fund keffiyeh magna try-hard.</p>

<h2 id="hoodie-duis">Hoodie Duis</h2>

<p>Actually salvia consectetur, hoodie duis lomo YOLO sunt sriracha. Aute pop-up brunch farm-to-table odio, salvia irure occaecat. Sriracha small batch literally skateboard. Echo Park nihil hoodie, aliquip forage artisan laboris. Trust fund reprehenderit nulla locavore. Stumptown raw denim kitsch, keffiyeh nulla twee dreamcatcher fanny pack ullamco 90’s pop-up est culpa farm-to-table. Selfies 8-bit do pug odio.</p>

<h3 id="thundercats-ho">Thundercats Ho!</h3>

<p>Fingerstache thundercats Williamsburg, deep v scenester Banksy ennui vinyl selfies mollit biodiesel duis odio pop-up. Banksy 3 wolf moon try-hard, sapiente enim stumptown deep v ad letterpress. Squid beard brunch, exercitation raw denim yr sint direct trade. Raw denim narwhal id, flannel DIY McSweeney’s seitan. Letterpress artisan bespoke accusamus, meggings laboris consequat Truffaut qui in seitan. Sustainable cornhole Schlitz, twee Cosby sweater banh mi deep v forage letterpress flannel whatever keffiyeh. Sartorial cred irure, semiotics ethical sed blue bottle nihil letterpress.</p>

<p>Occupy et selvage squid, pug brunch blog nesciunt hashtag mumblecore skateboard yr kogi. Ugh small batch swag four loko. Fap post-ironic qui tote bag farm-to-table american apparel scenester keffiyeh vero, swag non pour-over gentrify authentic pitchfork. Schlitz scenester lo-fi voluptate, tote bag irony bicycle rights pariatur vero Vice freegan wayfarers exercitation nisi shoreditch. Chambray tofu vero sed. Street art swag literally leggings, Cosby sweater mixtape PBR lomo Banksy non in pitchfork ennui McSweeney’s selfies. Odd Future Banksy non authentic.</p>

<p>Aliquip enim artisan dolor post-ironic. Pug tote bag Marfa, deserunt pour-over Portland wolf eu odio intelligentsia american apparel ugh ea. Sunt viral et, 3 wolf moon gastropub pug id. Id fashion axe est typewriter, mlkshk Portland art party aute brunch. Sint pork belly Cosby sweater, deep v mumblecore kitsch american apparel. Try-hard direct trade tumblr sint skateboard. Adipisicing bitters excepteur biodiesel, pickled gastropub aute veniam.</p>]]></content><author><name></name></author><category term="sample post" /><category term="readability" /><category term="test" /><summary type="html"><![CDATA[A ton of text to test readability.]]></summary></entry><entry><title type="html">Ramme Jekyll Theme</title><link href="http://localhost:4000/ramme-theme/" rel="alternate" type="text/html" title="Ramme Jekyll Theme" /><published>2016-03-21T00:00:00+08:00</published><updated>2016-03-21T00:00:00+08:00</updated><id>http://localhost:4000/ramme-theme</id><content type="html" xml:base="http://localhost:4000/ramme-theme/"><![CDATA[<section id="table-of-contents" class="toc">
  <header>
    <h3><i class="fa fa-book"></i> Contents</h3>
  </header>
<div id="drawer">
<ul id="markdown-toc">
  <li><a href="#about" id="markdown-toc-about">About</a></li>
  <li><a href="#installation" id="markdown-toc-installation">Installation</a></li>
  <li><a href="#scaffolding" id="markdown-toc-scaffolding">Scaffolding</a></li>
  <li><a href="#site-setup" id="markdown-toc-site-setup">Site Setup</a>    <ul>
      <li><a href="#site-wide-configuration" id="markdown-toc-site-wide-configuration">Site Wide Configuration</a>        <ul>
          <li><a href="#title" id="markdown-toc-title">title</a></li>
          <li><a href="#url" id="markdown-toc-url">url</a></li>
          <li><a href="#google-analytics-and-webmaster-tools" id="markdown-toc-google-analytics-and-webmaster-tools">Google Analytics and Webmaster Tools</a></li>
        </ul>
      </li>
      <li><a href="#navigation-links" id="markdown-toc-navigation-links">Navigation Links</a></li>
    </ul>
  </li>
  <li><a href="#layouts-and-content" id="markdown-toc-layouts-and-content">Layouts and Content</a>    <ul>
      <li><a href="#post-and-page" id="markdown-toc-post-and-page">Post and Page</a></li>
      <li><a href="#post-index-page" id="markdown-toc-post-index-page">Post Index Page</a></li>
      <li><a href="#thumbnails-for-og-and-twitter-cards" id="markdown-toc-thumbnails-for-og-and-twitter-cards">Thumbnails for OG and Twitter Cards</a></li>
      <li><a href="#kramdown-table-of-contents" id="markdown-toc-kramdown-table-of-contents">Kramdown Table of Contents</a></li>
    </ul>
  </li>
  <li><a href="#questions" id="markdown-toc-questions">Questions?</a></li>
  <li><a href="#license" id="markdown-toc-license">License</a></li>
</ul>

  </div>
</section>
<!-- /#table-of-contents -->

<p><img src="http://localhost:4000/assets/img/Logo.svg" alt="Logo" class="selfie" /></p>

<center><b>Ramme</b> is a simple jekyll theme.</center>

<h2 id="about">About</h2>

<p>I made this theme after seeing this <a href="http://spoonm.org/share/rice/01.png">screenshot</a>. I took some parts from @mmistakes, like TOC, sample posts. I never tought making a theme from scratch would be this hard. And it’s still WIP.</p>

<p>I’m not a designer or something, so I’m sure there is a better way to make this theme. But it’s working and looks acceptable for different screen sizes. If something looks extremely ugly and you can’t resist to fix it, just send me a PR. I will be grateful.</p>

<p>I see some people using this theme. I need to search on Github to find who use it. But I don’t want to search like this. If you like this theme or using it, please give a <strong>star</strong> for motivation.</p>

<iframe src="https://ghbtns.com/github-btn.html?user=TaylanTatli&amp;repo=Ramme&amp;type=star&amp;count=true&amp;size=large" frameborder="0" scrolling="0" width="160px" height="30px"></iframe>

<h2 id="installation">Installation</h2>
<ul>
  <li>Fork the <a href="https://github.com/TaylanTatli/Ramme/fork">Repo</a></li>
  <li>Edit <code class="language-plaintext highlighter-rouge">_config.yml</code> file.</li>
  <li>Remove sample posts from <code class="language-plaintext highlighter-rouge">_posts</code> folder and add yours.</li>
  <li>Edit <code class="language-plaintext highlighter-rouge">index.md</code> file in <code class="language-plaintext highlighter-rouge">about</code> folder.</li>
  <li>Change repo name to <code class="language-plaintext highlighter-rouge">YourUserName.github.io</code></li>
</ul>

<p>That’s all.</p>

<h2 id="scaffolding">Scaffolding</h2>
<p>How Ramme is organized and what the various files are. All posts, layouts, includes, stylesheets, assets, and whatever else is grouped nicely under the root folder.</p>

<figure class="highlight"><pre><code class="language-text" data-lang="text">├── 404.html                                    # 404 page
├── about                                       # About Page
├── assets
│   ├── css                                     # Compiled stylesheets
│   ├── fonts                                   # webfonts
│   ├── img                                     # Folder for images
│   │   ├── favicon                             # Folder for favicons
│   └── js                                      # Folder for scripts
├── blog                                        # Post list for blog
├── _config.yml                                 # Configuration file for jekyll
├── _data
│   └── navigation.yml                          # Navigation links
├── _includes
│   ├── favicon.html                            # Favicon links
│   ├── footer-home.html                        # Footer for home page
│   ├── footer.html                             # Footer for other pages
│   ├── head-home.html                          # Head for home page
│   ├── head.html                               # Head for other pages
│   ├── nav-home.html                           # Top navigation for home page
│   ├── nav.html                                # Top navigation for other pages
│   ├── open-graph.html                         # Twitter Cards and Open Graph meta data
│   ├── scripts.html                            # Site scripts
│   ├── social-links.html                       # Social links to show in homepage
│   └── toc.html                                # Table of contents to use in some posts
├── index.html                                  # Homepage
├── _layouts
│   ├── home.html                               # Home layout
│   ├── page.html                               # Page layout
│   ├── post.html                               # Post layout
│   ├── post-index.html                         # Post list layout
│   └── project.html                            # Project list layout
├── _posts                                      # MarkDown formatted posts
├── _sass                                       # Sass stylesheets
└── projects                                    # Projects list page</code></pre></figure>

<hr />

<h2 id="site-setup">Site Setup</h2>
<p>A quick checklist of the files you’ll want to edit to get up and running.</p>

<h3 id="site-wide-configuration">Site Wide Configuration</h3>
<p><code class="language-plaintext highlighter-rouge">_config.yml</code> is your friend. Open it up and personalize it. Most variables are self explanatory but here’s an explanation of each if needed:</p>

<h4 id="title">title</h4>

<p>The title of your site… shocker!</p>

<p>Example <code class="language-plaintext highlighter-rouge">title: My Awesome Site</code></p>

<h4 id="url">url</h4>

<p>Used to generate absolute urls in <code class="language-plaintext highlighter-rouge">sitemap.xml</code>, <code class="language-plaintext highlighter-rouge">feed.xml</code>, and for generating canonical URLs in <code class="language-plaintext highlighter-rouge">&lt;head&gt;</code>. When developing locally either comment this out or use something like <code class="language-plaintext highlighter-rouge">http://localhost:4000</code> so all assets load properly. <em>Don’t include a trailing <code class="language-plaintext highlighter-rouge">/</code></em>.</p>

<p>Examples:</p>

<figure class="highlight"><pre><code class="language-yaml" data-lang="yaml"><span class="na">url</span><span class="pi">:</span> <span class="s">http://taylantatli.me/Ramme</span>
<span class="na">url</span><span class="pi">:</span> <span class="s">http://localhost:4000</span>
<span class="na">url</span><span class="pi">:</span> <span class="s">//cooldude.github.io</span>
<span class="na">url</span><span class="pi">:</span></code></pre></figure>

<h4 id="google-analytics-and-webmaster-tools">Google Analytics and Webmaster Tools</h4>

<p>Google Analytics UA and Webmaster Tool verification tags can be entered in <code class="language-plaintext highlighter-rouge">_config.yml</code>. For more information on obtaining these meta tags check <a href="http://support.google.com/webmasters/bin/answer.py?hl=en&amp;answer=35179">Google Webmaster Tools</a> and <a href="https://ssl.bing.com/webmaster/configure/verify/ownership">Bing Webmaster Tools</a> support.</p>

<hr />

<h3 id="navigation-links">Navigation Links</h3>

<p>To set what links appear in the top navigation edit <code class="language-plaintext highlighter-rouge">_data/navigation.yml</code>. Use the following format to set the URL and title for as many links as you’d like. <em>External links will open in a new window.</em></p>

<figure class="highlight"><pre><code class="language-yaml" data-lang="yaml"><span class="pi">-</span> <span class="na">title</span><span class="pi">:</span> <span class="s">Home</span>
  <span class="na">url</span><span class="pi">:</span> <span class="s">/</span>

<span class="pi">-</span> <span class="na">title</span><span class="pi">:</span> <span class="s">Blog</span>
  <span class="na">url</span><span class="pi">:</span> <span class="s">/blog/</span>

<span class="pi">-</span> <span class="na">title</span><span class="pi">:</span> <span class="s">Projects</span>
  <span class="na">url</span><span class="pi">:</span> <span class="s">/projects/</span>

<span class="pi">-</span> <span class="na">title</span><span class="pi">:</span> <span class="s">About</span>
  <span class="na">url</span><span class="pi">:</span> <span class="s">/about/</span>

<span class="pi">-</span> <span class="na">title</span><span class="pi">:</span> <span class="s">Ramme</span>
  <span class="na">url</span><span class="pi">:</span> <span class="s">http://taylantatli.me/Ramme</span></code></pre></figure>

<hr />

<h2 id="layouts-and-content">Layouts and Content</h2>

<p>Explanations of the various <code class="language-plaintext highlighter-rouge">_layouts</code> included with the theme and when to use them.</p>

<h3 id="post-and-page">Post and Page</h3>

<p>These two layouts are almost similar. Only difference is page layout doesn’t show date under title.</p>

<h3 id="post-index-page">Post Index Page</h3>

<p>A <a href="http://localhost:4000/blog/">sample index page</a> listing all blog posts. The name can be customized to your liking by editing a few references. For example, to change <strong>Blog</strong> to <strong>Posts</strong> update the following:</p>

<ul>
  <li>In <code class="language-plaintext highlighter-rouge">_data/navigation.yml</code>: rename the title and URL to the following:</li>
</ul>

<figure class="highlight"><pre><code class="language-yaml" data-lang="yaml">  <span class="pi">-</span> <span class="na">title</span><span class="pi">:</span> <span class="s">Posts</span>
    <span class="na">url</span><span class="pi">:</span> <span class="s">/posts/</span></code></pre></figure>

<ul>
  <li>Rename <code class="language-plaintext highlighter-rouge">blog/index.md</code> to <code class="language-plaintext highlighter-rouge">posts/index.md</code> and update the YAML front matter accordingly.</li>
</ul>

<h3 id="thumbnails-for-og-and-twitter-cards">Thumbnails for OG and Twitter Cards</h3>

<p>Site logo is used by <a href="https://developers.facebook.com/docs/opengraph/">Open Graph</a> and <a href="https://dev.twitter.com/docs/cards">Twitter Cards</a>.</p>

<p class="notice"><strong>Pro-Tip</strong>: You need to <a href="https://dev.twitter.com/docs/cards">apply for Twitter Cards</a> before they will begin showing up when links to your site are shared.</p>

<h3 id="kramdown-table-of-contents">Kramdown Table of Contents</h3>

<p>To include an auto-generated <strong>table of contents</strong> for posts and pages, add the following <code class="language-plaintext highlighter-rouge">_include</code> before the actual content. <a href="http://kramdown.rubyforge.org/converter/html.html#toc">Kramdown will take care of the rest</a> and convert all headlines into list of links.</p>

<figure class="highlight"><pre><code class="language-html" data-lang="html">{% include toc.html %}</code></pre></figure>

<hr />

<h2 id="questions">Questions?</h2>

<p>Found a bug or aren’t quite sure how something works? By all means <a href="https://github.com/TaylanTatli/Ramme/issues/new">file a GitHub Issue</a>. And if you make something cool with this theme feel free to let me know.</p>

<hr />

<h2 id="license">License</h2>

<p>This theme is free and open source software, distributed under the MIT License. So feel free to use this Jekyll theme on your site without linking back to me or including a disclaimer.</p>]]></content><author><name></name></author><category term="jekyll" /><category term="ramme" /><category term="blog" /><category term="about" /><category term="theme" /><summary type="html"><![CDATA[Simple Jekyll theme for your blog by Taylan Tatlı.]]></summary></entry><entry><title type="html">Markdown Syntax</title><link href="http://localhost:4000/markdown-syntax/" rel="alternate" type="text/html" title="Markdown Syntax" /><published>2016-03-15T00:00:00+08:00</published><updated>2016-03-15T00:00:00+08:00</updated><id>http://localhost:4000/markdown-syntax</id><content type="html" xml:base="http://localhost:4000/markdown-syntax/"><![CDATA[<section id="table-of-contents" class="toc">
  <header>
    <h3><i class="fa fa-book"></i> Contents</h3>
  </header>
<div id="drawer">
<ul id="markdown-toc">
  <li><a href="#html-elements" id="markdown-toc-html-elements">HTML Elements</a></li>
  <li><a href="#heading-1" id="markdown-toc-heading-1">Heading 1</a>    <ul>
      <li><a href="#heading-2" id="markdown-toc-heading-2">Heading 2</a>        <ul>
          <li><a href="#heading-3" id="markdown-toc-heading-3">Heading 3</a>            <ul>
              <li><a href="#heading-4" id="markdown-toc-heading-4">Heading 4</a>                <ul>
                  <li><a href="#heading-5" id="markdown-toc-heading-5">Heading 5</a>                    <ul>
                      <li><a href="#heading-6" id="markdown-toc-heading-6">Heading 6</a></li>
                    </ul>
                  </li>
                </ul>
              </li>
            </ul>
          </li>
          <li><a href="#body-text" id="markdown-toc-body-text">Body text</a></li>
          <li><a href="#blockquotes" id="markdown-toc-blockquotes">Blockquotes</a></li>
        </ul>
      </li>
      <li><a href="#list-types" id="markdown-toc-list-types">List Types</a>        <ul>
          <li><a href="#ordered-lists" id="markdown-toc-ordered-lists">Ordered Lists</a></li>
          <li><a href="#unordered-lists" id="markdown-toc-unordered-lists">Unordered Lists</a></li>
        </ul>
      </li>
      <li><a href="#tables" id="markdown-toc-tables">Tables</a></li>
      <li><a href="#code-snippets" id="markdown-toc-code-snippets">Code Snippets</a></li>
      <li><a href="#buttons" id="markdown-toc-buttons">Buttons</a></li>
      <li><a href="#notices" id="markdown-toc-notices">Notices</a></li>
    </ul>
  </li>
</ul>

  </div>
</section>
<!-- /#table-of-contents -->

<h2 id="html-elements">HTML Elements</h2>

<p>Below is just about everything you’ll need to style in the theme. Check the source code to see the many embedded elements within paragraphs.</p>

<h1 id="heading-1">Heading 1</h1>

<h2 id="heading-2">Heading 2</h2>

<h3 id="heading-3">Heading 3</h3>

<h4 id="heading-4">Heading 4</h4>

<h5 id="heading-5">Heading 5</h5>

<h6 id="heading-6">Heading 6</h6>

<h3 id="body-text">Body text</h3>

<p>Lorem ipsum dolor sit amet, test link adipiscing elit. <strong>This is strong</strong>. Nullam dignissim convallis est. Quisque aliquam.</p>

<p class="image-pull-right"><img src="https://mmistakes.github.io/minimal-mistakes/images/3953273590_704e3899d5_m.jpg" alt="Smithsonian Image" /></p>

<p><em>This is emphasized</em>. Donec faucibus. Nunc iaculis suscipit dui. 53 = 125. Water is H2O. Nam sit amet sem. Aliquam libero nisi, imperdiet at, tincidunt nec, gravida vehicula, nisl. The New York Times (That’s a citation). Underline.Maecenas ornare tortor. Donec sed tellus eget sapien fringilla nonummy. Mauris a ante. Suspendisse quam sem, consequat at, commodo vitae, feugiat in, nunc. Morbi imperdiet augue quis tellus.</p>

<p>HTML and CSS are our tools. Mauris a ante. Suspendisse quam sem, consequat at, commodo vitae, feugiat in, nunc. Morbi imperdiet augue quis tellus. Praesent mattis, massa quis luctus fermentum, turpis mi volutpat justo, eu volutpat enim diam eget metus.</p>

<h3 id="blockquotes">Blockquotes</h3>

<blockquote>
  <p>Lorem ipsum dolor sit amet, test link adipiscing elit. Nullam dignissim convallis est. Quisque aliquam.</p>
</blockquote>

<h2 id="list-types">List Types</h2>

<h3 id="ordered-lists">Ordered Lists</h3>

<ol>
  <li>Item one
    <ol>
      <li>sub item one</li>
      <li>sub item two</li>
      <li>sub item three</li>
    </ol>
  </li>
  <li>Item two</li>
</ol>

<h3 id="unordered-lists">Unordered Lists</h3>

<ul>
  <li>Item one</li>
  <li>Item two</li>
  <li>Item three</li>
</ul>

<h2 id="tables">Tables</h2>

<table rules="groups">
  <thead>
    <tr>
      <th style="text-align: left">Header1</th>
      <th style="text-align: center">Header2</th>
      <th style="text-align: right">Header3</th>
    </tr>
  </thead>
  <tbody>
    <tr>
      <td style="text-align: left">cell1</td>
      <td style="text-align: center">cell2</td>
      <td style="text-align: right">cell3</td>
    </tr>
    <tr>
      <td style="text-align: left">cell4</td>
      <td style="text-align: center">cell5</td>
      <td style="text-align: right">cell6</td>
    </tr>
  </tbody>
  <tbody>
    <tr>
      <td style="text-align: left">cell1</td>
      <td style="text-align: center">cell2</td>
      <td style="text-align: right">cell3</td>
    </tr>
    <tr>
      <td style="text-align: left">cell4</td>
      <td style="text-align: center">cell5</td>
      <td style="text-align: right">cell6</td>
    </tr>
  </tbody>
  <tfoot>
    <tr>
      <td style="text-align: left">Foot1</td>
      <td style="text-align: center">Foot2</td>
      <td style="text-align: right">Foot3</td>
    </tr>
  </tfoot>
</table>

<h2 id="code-snippets">Code Snippets</h2>

<figure class="highlight"><pre><code class="language-css" data-lang="css"><span class="nf">#container</span> <span class="p">{</span>
  <span class="nl">float</span><span class="p">:</span> <span class="nb">left</span><span class="p">;</span>
  <span class="nl">margin</span><span class="p">:</span> <span class="m">0</span> <span class="m">-240px</span> <span class="m">0</span> <span class="m">0</span><span class="p">;</span>
  <span class="nl">width</span><span class="p">:</span> <span class="m">100%</span><span class="p">;</span>
<span class="p">}</span></code></pre></figure>

<h2 id="buttons">Buttons</h2>

<p>Make any link standout more when applying the <code class="language-plaintext highlighter-rouge">.btn</code> class.</p>

<figure class="highlight"><pre><code class="language-html" data-lang="html"><span class="nt">&lt;a</span> <span class="na">href=</span><span class="s">"#"</span> <span class="na">class=</span><span class="s">"btn btn-success"</span><span class="nt">&gt;</span>Success Button<span class="nt">&lt;/a&gt;</span></code></pre></figure>

<div><a href="#" class="btn">Primary Button</a></div>
<div><a href="#" class="btn btn-success">Success Button</a></div>
<div><a href="#" class="btn btn-warning">Warning Button</a></div>
<div><a href="#" class="btn btn-danger">Danger Button</a></div>
<div><a href="#" class="btn btn-info">Info Button</a></div>

<h2 id="notices">Notices</h2>

<p class="notice"><strong>Watch out!</strong> You can also add notices by appending <code class="language-plaintext highlighter-rouge">{: .notice}</code> to a paragraph.</p>]]></content><author><name></name></author><category term="markdown" /><category term="syntax" /><category term="sample" /><category term="test" /><category term="jekyll" /><summary type="html"><![CDATA[Just about everything you'll need to style in the theme: headings, paragraphs, blockquotes, tables, code blocks, and more.]]></summary></entry><entry><title type="html">Syntax Highlighting Post</title><link href="http://localhost:4000/code-highlighting-post/" rel="alternate" type="text/html" title="Syntax Highlighting Post" /><published>2013-08-16T00:00:00+08:00</published><updated>2013-08-16T00:00:00+08:00</updated><id>http://localhost:4000/code-highlighting-post</id><content type="html" xml:base="http://localhost:4000/code-highlighting-post/"><![CDATA[<p>Syntax highlighting is a feature that displays source code, in different colors and fonts according to the category of terms. This feature facilitates writing in a structured language such as a programming language or a markup language as both structures and syntax errors are visually distinct. Highlighting does not affect the meaning of the text itself; it is intended only for human readers.<sup id="fnref:1" role="doc-noteref"><a href="#fn:1" class="footnote" rel="footnote">1</a></sup></p>

<h3 id="highlighted-code-blocks">Highlighted Code Blocks</h3>

<p>To modify styling and highlight colors edit <code class="language-plaintext highlighter-rouge">/assets/css/syntax.css</code>.</p>

<figure class="highlight"><pre><code class="language-css" data-lang="css"><span class="nf">#container</span> <span class="p">{</span>
    <span class="nl">float</span><span class="p">:</span> <span class="nb">left</span><span class="p">;</span>
    <span class="nl">margin</span><span class="p">:</span> <span class="m">0</span> <span class="m">-240px</span> <span class="m">0</span> <span class="m">0</span><span class="p">;</span>
    <span class="nl">width</span><span class="p">:</span> <span class="m">100%</span><span class="p">;</span>
<span class="p">}</span></code></pre></figure>

<figure class="highlight"><pre><code class="language-html" data-lang="html"><span class="nt">&lt;nav</span> <span class="na">class=</span><span class="s">"pagination"</span> <span class="na">role=</span><span class="s">"navigation"</span><span class="nt">&gt;</span>
    {% if page.previous %}
        <span class="nt">&lt;a</span> <span class="na">href=</span><span class="s">"{{ site.url }}{{ page.previous.url }}"</span> <span class="na">class=</span><span class="s">"btn"</span> <span class="na">title=</span><span class="s">"{{ page.previous.title }}"</span><span class="nt">&gt;</span>Previous article<span class="nt">&lt;/a&gt;</span>
    {% endif %}
    {% if page.next %}
        <span class="nt">&lt;a</span> <span class="na">href=</span><span class="s">"{{ site.url }}{{ page.next.url }}"</span> <span class="na">class=</span><span class="s">"btn"</span> <span class="na">title=</span><span class="s">"{{ page.next.title }}"</span><span class="nt">&gt;</span>Next article<span class="nt">&lt;/a&gt;</span>
    {% endif %}
<span class="nt">&lt;/nav&gt;</span><span class="c">&lt;!-- /.pagination --&gt;</span></code></pre></figure>

<figure class="highlight"><pre><code class="language-ruby" data-lang="ruby"><span class="k">module</span> <span class="nn">Jekyll</span>
  <span class="k">class</span> <span class="nc">TagIndex</span> <span class="o">&lt;</span> <span class="no">Page</span>
    <span class="k">def</span> <span class="nf">initialize</span><span class="p">(</span><span class="n">site</span><span class="p">,</span> <span class="n">base</span><span class="p">,</span> <span class="n">dir</span><span class="p">,</span> <span class="n">tag</span><span class="p">)</span>
      <span class="vi">@site</span> <span class="o">=</span> <span class="n">site</span>
      <span class="vi">@base</span> <span class="o">=</span> <span class="n">base</span>
      <span class="vi">@dir</span> <span class="o">=</span> <span class="n">dir</span>
      <span class="vi">@name</span> <span class="o">=</span> <span class="s1">'index.html'</span>
      <span class="nb">self</span><span class="p">.</span><span class="nf">process</span><span class="p">(</span><span class="vi">@name</span><span class="p">)</span>
      <span class="nb">self</span><span class="p">.</span><span class="nf">read_yaml</span><span class="p">(</span><span class="no">File</span><span class="p">.</span><span class="nf">join</span><span class="p">(</span><span class="n">base</span><span class="p">,</span> <span class="s1">'_layouts'</span><span class="p">),</span> <span class="s1">'tag_index.html'</span><span class="p">)</span>
      <span class="nb">self</span><span class="p">.</span><span class="nf">data</span><span class="p">[</span><span class="s1">'tag'</span><span class="p">]</span> <span class="o">=</span> <span class="n">tag</span>
      <span class="n">tag_title_prefix</span> <span class="o">=</span> <span class="n">site</span><span class="p">.</span><span class="nf">config</span><span class="p">[</span><span class="s1">'tag_title_prefix'</span><span class="p">]</span> <span class="o">||</span> <span class="s1">'Tagged: '</span>
      <span class="n">tag_title_suffix</span> <span class="o">=</span> <span class="n">site</span><span class="p">.</span><span class="nf">config</span><span class="p">[</span><span class="s1">'tag_title_suffix'</span><span class="p">]</span> <span class="o">||</span> <span class="s1">'&amp;#8211;'</span>
      <span class="nb">self</span><span class="p">.</span><span class="nf">data</span><span class="p">[</span><span class="s1">'title'</span><span class="p">]</span> <span class="o">=</span> <span class="s2">"</span><span class="si">#{</span><span class="n">tag_title_prefix</span><span class="si">}#{</span><span class="n">tag</span><span class="si">}</span><span class="s2">"</span>
      <span class="nb">self</span><span class="p">.</span><span class="nf">data</span><span class="p">[</span><span class="s1">'description'</span><span class="p">]</span> <span class="o">=</span> <span class="s2">"An archive of posts tagged </span><span class="si">#{</span><span class="n">tag</span><span class="si">}</span><span class="s2">."</span>
    <span class="k">end</span>
  <span class="k">end</span>
<span class="k">end</span></code></pre></figure>

<h3 id="standard-code-block">Standard Code Block</h3>

<div class="language-plaintext highlighter-rouge"><div class="highlight"><pre class="highlight"><code>&lt;nav class="pagination" role="navigation"&gt;
    {% if page.previous %}
        &lt;a href="{{ site.url }}{{ page.previous.url }}" class="btn" title="{{ page.previous.title }}"&gt;Previous article&lt;/a&gt;
    {% endif %}
    {% if page.next %}
        &lt;a href="{{ site.url }}{{ page.next.url }}" class="btn" title="{{ page.next.title }}"&gt;Next article&lt;/a&gt;
    {% endif %}
&lt;/nav&gt;&lt;!-- /.pagination --&gt;
</code></pre></div></div>

<h3 id="fenced-code-blocks">Fenced Code Blocks</h3>

<p>To modify styling and highlight colors edit <code class="language-plaintext highlighter-rouge">/assets/css/syntax.css</code>. Line numbers and a few other things can be modified in <code class="language-plaintext highlighter-rouge">_config.yml</code>. Consult <a href="http://jekyllrb.com/docs/configuration/">Jekyll’s documentation</a> for more information.</p>

<div class="language-css highlighter-rouge"><div class="highlight"><pre class="highlight"><code><span class="nf">#container</span> <span class="p">{</span>
    <span class="nl">float</span><span class="p">:</span> <span class="nb">left</span><span class="p">;</span>
    <span class="nl">margin</span><span class="p">:</span> <span class="m">0</span> <span class="m">-240px</span> <span class="m">0</span> <span class="m">0</span><span class="p">;</span>
    <span class="nl">width</span><span class="p">:</span> <span class="m">100%</span><span class="p">;</span>
<span class="p">}</span>
</code></pre></div></div>

<div class="language-html highlighter-rouge"><div class="highlight"><pre class="highlight"><code><span class="nt">&lt;nav</span> <span class="na">class=</span><span class="s">"pagination"</span> <span class="na">role=</span><span class="s">"navigation"</span><span class="nt">&gt;</span>
    {% if page.previous %}
        <span class="nt">&lt;a</span> <span class="na">href=</span><span class="s">"{{ site.url }}{{ page.previous.url }}"</span> <span class="na">class=</span><span class="s">"btn"</span> <span class="na">title=</span><span class="s">"{{ page.previous.title }}"</span><span class="nt">&gt;</span>Previous article<span class="nt">&lt;/a&gt;</span>
    {% endif %}
    {% if page.next %}
        <span class="nt">&lt;a</span> <span class="na">href=</span><span class="s">"{{ site.url }}{{ page.next.url }}"</span> <span class="na">class=</span><span class="s">"btn"</span> <span class="na">title=</span><span class="s">"{{ page.next.title }}"</span><span class="nt">&gt;</span>Next article<span class="nt">&lt;/a&gt;</span>
    {% endif %}
<span class="nt">&lt;/nav&gt;</span><span class="c">&lt;!-- /.pagination --&gt;</span>
</code></pre></div></div>

<div class="language-ruby highlighter-rouge"><div class="highlight"><pre class="highlight"><code><span class="k">module</span> <span class="nn">Jekyll</span>
  <span class="k">class</span> <span class="nc">TagIndex</span> <span class="o">&lt;</span> <span class="no">Page</span>
    <span class="k">def</span> <span class="nf">initialize</span><span class="p">(</span><span class="n">site</span><span class="p">,</span> <span class="n">base</span><span class="p">,</span> <span class="n">dir</span><span class="p">,</span> <span class="n">tag</span><span class="p">)</span>
      <span class="vi">@site</span> <span class="o">=</span> <span class="n">site</span>
      <span class="vi">@base</span> <span class="o">=</span> <span class="n">base</span>
      <span class="vi">@dir</span> <span class="o">=</span> <span class="n">dir</span>
      <span class="vi">@name</span> <span class="o">=</span> <span class="s1">'index.html'</span>
      <span class="nb">self</span><span class="p">.</span><span class="nf">process</span><span class="p">(</span><span class="vi">@name</span><span class="p">)</span>
      <span class="nb">self</span><span class="p">.</span><span class="nf">read_yaml</span><span class="p">(</span><span class="no">File</span><span class="p">.</span><span class="nf">join</span><span class="p">(</span><span class="n">base</span><span class="p">,</span> <span class="s1">'_layouts'</span><span class="p">),</span> <span class="s1">'tag_index.html'</span><span class="p">)</span>
      <span class="nb">self</span><span class="p">.</span><span class="nf">data</span><span class="p">[</span><span class="s1">'tag'</span><span class="p">]</span> <span class="o">=</span> <span class="n">tag</span>
      <span class="n">tag_title_prefix</span> <span class="o">=</span> <span class="n">site</span><span class="p">.</span><span class="nf">config</span><span class="p">[</span><span class="s1">'tag_title_prefix'</span><span class="p">]</span> <span class="o">||</span> <span class="s1">'Tagged: '</span>
      <span class="n">tag_title_suffix</span> <span class="o">=</span> <span class="n">site</span><span class="p">.</span><span class="nf">config</span><span class="p">[</span><span class="s1">'tag_title_suffix'</span><span class="p">]</span> <span class="o">||</span> <span class="s1">'&amp;#8211;'</span>
      <span class="nb">self</span><span class="p">.</span><span class="nf">data</span><span class="p">[</span><span class="s1">'title'</span><span class="p">]</span> <span class="o">=</span> <span class="s2">"</span><span class="si">#{</span><span class="n">tag_title_prefix</span><span class="si">}#{</span><span class="n">tag</span><span class="si">}</span><span class="s2">"</span>
      <span class="nb">self</span><span class="p">.</span><span class="nf">data</span><span class="p">[</span><span class="s1">'description'</span><span class="p">]</span> <span class="o">=</span> <span class="s2">"An archive of posts tagged </span><span class="si">#{</span><span class="n">tag</span><span class="si">}</span><span class="s2">."</span>
    <span class="k">end</span>
  <span class="k">end</span>
<span class="k">end</span>
</code></pre></div></div>

<h3 id="github-gist-embed">GitHub Gist Embed</h3>

<p>An example of a Gist embed below.</p>

<noscript><pre>404: Not Found</pre></noscript>
<script src="https://gist.github.com/mmistakes/6589546.js"> </script>

<div class="footnotes" role="doc-endnotes">
  <ol>
    <li id="fn:1" role="doc-endnote">
      <p><a href="http://en.wikipedia.org/wiki/Syntax_highlighting">http://en.wikipedia.org/wiki/Syntax_highlighting</a> <a href="#fnref:1" class="reversefootnote" role="doc-backlink">&#8617;</a></p>
    </li>
  </ol>
</div>]]></content><author><name></name></author><category term="sample post" /><category term="code" /><category term="highlighting" /><summary type="html"><![CDATA[Demo post displaying the various ways of highlighting code in Markdown.]]></summary></entry><entry><title type="html">A Post with Images</title><link href="http://localhost:4000/sample-post-images/" rel="alternate" type="text/html" title="A Post with Images" /><published>2013-05-22T00:00:00+08:00</published><updated>2013-05-22T00:00:00+08:00</updated><id>http://localhost:4000/sample-post-images</id><content type="html" xml:base="http://localhost:4000/sample-post-images/"><![CDATA[<p>Here are some examples of what a post with images might look like. If you want to display two or three images next to each other responsively use <code class="language-plaintext highlighter-rouge">figure</code> with the appropriate <code class="language-plaintext highlighter-rouge">class</code>. Each instance of <code class="language-plaintext highlighter-rouge">figure</code> is auto-numbered and displayed in the caption.</p>

<h3 id="figures-for-images-or-video">Figures (for images or video)</h3>

<h4 id="one-up">One Up</h4>

<figure>
	<a href="http://farm9.staticflickr.com/8426/7758832526_cc8f681e48_b.jpg"><img src="http://farm9.staticflickr.com/8426/7758832526_cc8f681e48_c.jpg" /></a>
	<figcaption><a href="http://www.flickr.com/photos/80901381@N04/7758832526/" title="Morning Fog Emerging From Trees by A Guy Taking Pictures, on Flickr">Morning Fog Emerging From Trees by A Guy Taking Pictures, on Flickr</a>.</figcaption>
</figure>

<p>Vero laborum commodo occupy. Semiotics voluptate mumblecore pug. Cosby sweater ullamco quinoa ennui assumenda, sapiente occupy delectus lo-fi. Ea fashion axe Marfa cillum aliquip. Retro Bushwick keytar cliche. Before they sold out sustainable gastropub Marfa readymade, ethical Williamsburg skateboard brunch qui consectetur gentrify semiotics. Mustache cillum irony, fingerstache magna pour-over keffiyeh tousled selfies.</p>

<h4 id="two-up">Two Up</h4>

<p>Apply the <code class="language-plaintext highlighter-rouge">half</code> class like so to display two images side by side that share the same caption.</p>

<figure class="highlight"><pre><code class="language-html" data-lang="html"><span class="nt">&lt;figure</span> <span class="na">class=</span><span class="s">"half"</span><span class="nt">&gt;</span>
    <span class="nt">&lt;a</span> <span class="na">href=</span><span class="s">"/images/image-filename-1-large.jpg"</span><span class="nt">&gt;&lt;img</span> <span class="na">src=</span><span class="s">"/images/image-filename-1.jpg"</span><span class="nt">&gt;&lt;/a&gt;</span>
    <span class="nt">&lt;a</span> <span class="na">href=</span><span class="s">"/images/image-filename-2-large.jpg"</span><span class="nt">&gt;&lt;img</span> <span class="na">src=</span><span class="s">"/images/image-filename-2.jpg"</span><span class="nt">&gt;&lt;/a&gt;</span>
    <span class="nt">&lt;figcaption&gt;</span>Caption describing these two images.<span class="nt">&lt;/figcaption&gt;</span>
<span class="nt">&lt;/figure&gt;</span></code></pre></figure>

<p>And you’ll get something that looks like this:</p>

<figure class="half">
	<a href="http://placehold.it/1200x600.JPG"><img src="http://placehold.it/600x300.jpg" /></a>
	<a href="http://placehold.it/1200x600.jpeg"><img src="http://placehold.it/600x300.jpg" /></a>
	<figcaption>Two images.</figcaption>
</figure>

<h4 id="three-up">Three Up</h4>

<p>Apply the <code class="language-plaintext highlighter-rouge">third</code> class like so to display three images side by side that share the same caption.</p>

<figure class="highlight"><pre><code class="language-html" data-lang="html"><span class="nt">&lt;figure</span> <span class="na">class=</span><span class="s">"third"</span><span class="nt">&gt;</span>
	<span class="nt">&lt;img</span> <span class="na">src=</span><span class="s">"/images/image-filename-1.jpg"</span><span class="nt">&gt;</span>
	<span class="nt">&lt;img</span> <span class="na">src=</span><span class="s">"/images/image-filename-2.jpg"</span><span class="nt">&gt;</span>
	<span class="nt">&lt;img</span> <span class="na">src=</span><span class="s">"/images/image-filename-3.jpg"</span><span class="nt">&gt;</span>
	<span class="nt">&lt;figcaption&gt;</span>Caption describing these three images.<span class="nt">&lt;/figcaption&gt;</span>
<span class="nt">&lt;/figure&gt;</span></code></pre></figure>

<p>And you’ll get something that looks like this:</p>

<figure class="third">
	<img src="http://placehold.it/600x300.jpg" />
	<img src="http://placehold.it/600x300.jpg" />
	<img src="http://placehold.it/600x300.jpg" />
	<figcaption>Three images.</figcaption>
</figure>]]></content><author><name></name></author><category term="sample post" /><category term="images" /><category term="test" /><summary type="html"><![CDATA[Examples and code for displaying images in posts.]]></summary></entry></feed>